{
    "Train": {
        "RMSE": 692714.4032574833,
        "MAE": 187071.9414549936,
        "R2": 0.998706388696088
    },
    "Validation": {
        "RMSE": 1175171.9829180178,
        "MAE": 421742.67119175824,
        "R2": 0.995945982170612
    },
    "Test": {
        "RMSE": 1807322.7771119936,
        "MAE": 501065.5119224492,
        "R2": 0.98864451311573
    }
}