,RMSE,MAE,R2
Train,692714.4032574833,187071.9414549936,0.998706388696088
Validation,1175171.9829180178,421742.67119175824,0.995945982170612
Test,1807322.7771119936,501065.5119224492,0.98864451311573
